<?xml version="1.0"?>
<!--
/**
 * Copyright © Magento, Inc. All rights reserved.
 * See COPYING.txt for license details.
 */
-->
<config xmlns:xsi="http://www.w3.org/2001/XMLSchema-instance"
        xsi:noNamespaceSchemaLocation="urn:magento:framework:ObjectManager/etc/config.xsd">
    <preference for="Magento\Framework\View\Page\Config\Renderer"
                type="Hidro\CoreWebVitals\Block\View\Page\Config\Renderer"/>

    <type name="Magento\Framework\HTTP\PhpEnvironment\Response">
        <plugin name="hidro_cwv_plugin_http_phpenvironment"
                type="Hidro\CoreWebVitals\Plugin\HTTP\PhpEnvironment\Response"
                sortOrder="0"/>
    </type>
    <type name="Magento\Framework\App\FrontControllerInterface">
        <plugin name="hidro_cwv_front_end_controller_plugin"
                type="Hidro\CoreWebVitals\Plugin\App\FrontendController"
                sortOrder="1000"/>
    </type>

    <type name="Magento\Framework\Controller\ResultInterface">
        <plugin name="hidro_corevital_result_plugin"
                type="Hidro\CoreWebVitals\Plugin\Controller\ControllerResultPlugin"
                sortOrder="-100"/>
        <plugin name="hidro_cwv_plugin_result_page" type="Hidro\CoreWebVitals\Plugin\View\Result\ResultPage"
                sortOrder="-10"/>
    </type>
    <type name="Hidro\CoreWebVitals\Plugin\App\FrontendController">
        <arguments>
            <argument name="outputModifier" xsi:type="object">Hidro\CoreWebVitals\Model\Html\OutputModifier</argument>
        </arguments>
    </type>
    <type name="Hidro\CoreWebVitals\Plugin\Controller\ControllerResultPlugin">
        <arguments>
            <argument name="outputModifier" xsi:type="object">Hidro\CoreWebVitals\Model\Html\OutputModifier</argument>
        </arguments>
    </type>
    <type name="Magento\PageCache\Controller\Block">
        <plugin name="after_get_cms_block_html_by_ajax"
                type="Hidro\CoreWebVitals\Plugin\PageCache\FullPageBlock"
                sortOrder="1000"/>
    </type>
    <type name="Hidro\CoreWebVitals\Plugin\PageCache\FullPageBlock">
        <arguments>
            <argument name="outputModifier" xsi:type="object">Hidro\CoreWebVitals\Model\Html\OutputModifier</argument>
        </arguments>
    </type>
</config>
