<?xml version="1.0"?>
<!--
/**
* Mageplaza
*
* NOTICE OF LICENSE
*
* This source file is subject to the Mageplaza.com license that is
* available through the world-wide-web at this URL:
* https://www.mageplaza.com/LICENSE.txt
*
* DISCLAIMER
*
* Do not edit or add to this file if you wish to upgrade this extension to newer
* version in the future.
*
* @category    Mageplaza
* @package     Mageplaza_GoogleTagManager
* @copyright   Copyright (c) Mageplaza (https://www.mageplaza.com/)
* @license     https://www.mageplaza.com/LICENSE.txt
*/
-->
<schema xmlns:xsi="http://www.w3.org/2001/XMLSchema-instance" xsi:noNamespaceSchemaLocation="urn:magento:framework:Setup/Declaration/Schema/etc/schema.xsd">
  <table name="mageplaza_gtm_export_template" resource="default" engine="innodb" comment="Google Tag Manager Template">
    <column xsi:type="int" name="id" padding="10" unsigned="true" nullable="false" identity="true" comment="Id"/>
    <column xsi:type="text" name="name" nullable="true" comment="Name"/>
    <column xsi:type="mediumtext" name="template" nullable="true" comment="Template"/>
    <constraint xsi:type="primary" referenceId="PRIMARY">
      <column name="id"/>
    </constraint>
  </table>
</schema>
