<?xml version="1.0" ?>
<schema xmlns:xsi="http://www.w3.org/2001/XMLSchema-instance" xsi:noNamespaceSchemaLocation="urn:magento:framework:Setup/Declaration/Schema/etc/schema.xsd">
	<table name="vaibhav_goldrate_goldrate" resource="default" engine="innodb" comment="vaibhav_goldrate_goldrate Table">
		<column xsi:type="int" name="goldrate_id" padding="10" unsigned="true" nullable="false" identity="true" comment="Entity Id"/>
		<constraint xsi:type="primary" referenceId="PRIMARY">
			<column name="goldrate_id"/>
		</constraint>
		<column name="city" nullable="true" xsi:type="text" comment="city name"/>
		<column name="twentytwo_rate" nullable="true" xsi:type="decimal" comment="twentytwo K rate" scale="6" precision="20" />
		<index referenceId="VAIBHAV_GOLDRATE_GOLDRATE_TWENTYTWO_RATE" indexType="btree">
			<column name="twentytwo_rate"/>
		</index>
		<column name="twentyfour_rate" nullable="true" xsi:type="decimal" comment="twentyfour K rate" scale="6" precision="20" />
		<column name="updated_at" nullable="true" xsi:type="datetime" comment="Updated at date" default="CURRENT_TIMESTAMP"/>
	</table>
</schema>
