<?xml version="1.0" ?>
<config xmlns:xsi="http://www.w3.org/2001/XMLSchema-instance" xsi:noNamespaceSchemaLocation="urn:magento:framework:Acl/etc/acl.xsd">
	<acl>
		<resources>
			<resource id="Magento_Backend::admin">
				<resource id="Vaibhav_Exchangerate::fourteenrate" title="fourteenrate" sortOrder="10">
					<resource id="Vaibhav_Exchangerate::fourteenrate_save" title="Save fourteenrate" sortOrder="10"/>
					<resource id="Vaibhav_Exchangerate::fourteenrate_delete" title="Delete fourteenrate" sortOrder="20"/>
					<resource id="Vaibhav_Exchangerate::fourteenrate_update" title="Update fourteenrate" sortOrder="30"/>
					<resource id="Vaibhav_Exchangerate::fourteenrate_view" title="View fourteenrate" sortOrder="40"/>
				</resource>
			</resource>
		</resources>
	</acl>
</config>
