<?xml version="1.0" ?>
<schema xmlns:xsi="http://www.w3.org/2001/XMLSchema-instance" xsi:noNamespaceSchemaLocation="urn:magento:framework:Setup/Declaration/Schema/etc/schema.xsd">
	<table name="vaibhav_exchangerate_fourteenrate" resource="default" engine="innodb" comment="vaibhav_exchangerate_fourteenrate Table">
		<column xsi:type="int" name="fourteenrate_id" padding="10" unsigned="true" nullable="false" identity="true" comment="Entity Id"/>
		<constraint xsi:type="primary" referenceId="PRIMARY">
			<column name="fourteenrate_id"/>
		</constraint>
		<column name="fourteen_rate" nullable="true" xsi:type="decimal" comment="Fourteen K Rate" precision="12" scale="4"/>
		<column name="eighteen_rate" nullable="true" xsi:type="decimal" comment="eighteen_rate" precision="12" scale="4"/>
		<column name="twentytwo_rate" nullable="true" xsi:type="decimal" comment="twentytwo_rate" precision="12" scale="4"/>
		<column name="twentyfour_rate" nullable="true" xsi:type="decimal" comment="twentyfour_rate" precision="12" scale="4"/>
	</table>
</schema>
