<?xml version="1.0" ?>
<config xmlns:xsi="http://www.w3.org/2001/XMLSchema-instance" xsi:noNamespaceSchemaLocation="urn:magento:framework:ObjectManager/etc/config.xsd">
	<preference for="Vaibhav\Exchangerate\Api\FourteenrateRepositoryInterface" type="Vaibhav\Exchangerate\Model\FourteenrateRepository"/>
	<preference for="Vaibhav\Exchangerate\Api\Data\FourteenrateInterface" type="Vaibhav\Exchangerate\Model\Fourteenrate"/>
	<preference for="Vaibhav\Exchangerate\Api\Data\FourteenrateSearchResultsInterface" type="Magento\Framework\Api\SearchResults"/>
	<virtualType name="Vaibhav\Exchangerate\Model\ResourceModel\Fourteenrate\Grid\Collection" type="Magento\Framework\View\Element\UiComponent\DataProvider\SearchResult">
		<arguments>
			<argument name="mainTable" xsi:type="string">vaibhav_exchangerate_fourteenrate</argument>
			<argument name="resourceModel" xsi:type="string">Vaibhav\Exchangerate\Model\ResourceModel\Fourteenrate\Collection</argument>
		</arguments>
	</virtualType>
	<type name="Magento\Framework\View\Element\UiComponent\DataProvider\CollectionFactory">
		<arguments>
			<argument name="collections" xsi:type="array">
				<item name="vaibhav_exchangerate_fourteenrate_listing_data_source" xsi:type="string">Vaibhav\Exchangerate\Model\ResourceModel\Fourteenrate\Grid\Collection</item>
			</argument>
		</arguments>
	</type>
</config>
