<?xml version="1.0"?>
<config xmlns:xsi="http://www.w3.org/2001/XMLSchema-instance" xsi:noNamespaceSchemaLocation="../../../../Magento/Backend/etc/system_file.xsd">
    <system>
        <tab id="magebees" translate="label" sortOrder="100">
            <label>Magebees</label>
        </tab>
        <section id="magebeesproducts" translate="label" type="text" sortOrder="40" showInDefault="1" showInWebsite="1" showInStore="1">
            <class>separator-top</class>
            <label>Import/Export Products</label>
            <tab>magebees</tab>
            <resource>Magebees_Products::products_config</resource>
				<group id="setting" translate="label" type="text" sortOrder="2" showInDefault="1" showInWebsite="1" showInStore="1">
					<label>Import/Export Products</label>
			    </group>
			   	<group id="support" translate="label" type="text" sortOrder="60" showInDefault="1" showInWebsite="1" showInStore="1">
					<label>Info</label>
					<field id="style" translate="label comment" type="text" sortOrder="10" showInDefault="1" showInWebsite="1" showInStore="1"> 
						<label>Info</label> 
						<frontend_model>Magebees\Products\Block\Adminhtml\System\Config\Support</frontend_model>
					</field>
				</group>
        </section>
    </system>
</config>
