<?xml version="1.0"?>
<!--
/**
 * Bss Commerce Co.
 *
 * NOTICE OF LICENSE
 *
 * This source file is subject to the EULA
 * that is bundled with this package in the file LICENSE.txt.
 * It is also available through the world-wide-web at this URL:
 * http://bsscommerce.com/Bss-Commerce-License.txt
 *
 * @category   Bss
 * @package    Bss_ProductsWidgetSlider
 * @author     Extension Team
 * @copyright  Copyright (c) 2017-2018 Bss Commerce Co. ( http://bsscommerce.com )
 * @license    http://bsscommerce.com/Bss-Commerce-License.txt
 */
-->
<config xmlns:xsi="http://www.w3.org/2001/XMLSchema-instance" xsi:noNamespaceSchemaLocation="urn:magento:module:Magento_Config:etc/system_file.xsd">
    <system>
        <tab id="bss" translate="label" sortOrder="300">
            <label><![CDATA[Bss Commerce]]></label>
        </tab>
        <section id="productswidgetslider" translate="label" sortOrder="130" showInDefault="1" showInWebsite="1" showInStore="1">
            <class>separator-top</class>
            <label>Products Widget Slider</label>
            <tab>bss</tab>
            <resource>Bss_ProductsWidgetSlider::productswidgetslider_config</resource>
            <group id="general" translate="label" type="text" sortOrder="10" showInDefault="1" showInWebsite="1" showInStore="1">
                <field id="enable_productswidgetslider" translate="label comment" type="select" showInDefault="1" showInWebsite="1" showInStore="1" >
                    <label>Enable Module</label>
                    <source_model>Magento\Config\Model\Config\Source\Enabledisable</source_model>
                    <comment><![CDATA[Version 1.0.4]]></comment>
                </field>
            </group>
        </section>
    </system>
</config>
