<?xml version="1.0"?>
<!--
/**
 * Bss Commerce Co.
 *
 * NOTICE OF LICENSE
 *
 * This source file is subject to the EULA
 * that is bundled with this package in the file LICENSE.txt.
 * It is also available through the world-wide-web at this URL:
 * http://bsscommerce.com/Bss-Commerce-License.txt
 *
 * @category   Bss
 * @package    Bss_ProductsWidgetSlider
 * @author     Extension Team
 * @copyright  Copyright (c) 2017-2018 Bss Commerce Co. ( http://bsscommerce.com )
 * @license    http://bsscommerce.com/Bss-Commerce-License.txt
 */
-->
<config xmlns:xsi="http://www.w3.org/2001/XMLSchema-instance"
        xsi:noNamespaceSchemaLocation="urn:magento:framework:ObjectManager/etc/config.xsd">
    <type name="Magento\Widget\Controller\Adminhtml\Widget\Instance\Save">
        <plugin name="Bss_Products_Widget_Slider_Plugin_Validate_Save" type="Bss\ProductsWidgetSlider\Model\Plugin\Save" />
    </type>
    <preference for="Magento\Catalog\Model\ResourceModel\Product\Collection" type="Bss\ProductsWidgetSlider\Model\ResourceModel\Collection" />
    <type name="Bss\ProductsWidgetSlider\Block\GetData">
        <arguments>
            <argument name="priceCurrencyInterface" xsi:type="object">Magento\Framework\Pricing\PriceCurrencyInterface\Proxy</argument>
        </arguments>
        <plugin name="Bss_Products_Widget_Slider_Plugin_Set_Data_Block" type="Bss\ProductsWidgetSlider\Plugin\SetDataBlock" />
    </type>
</config>
