<?xml version="1.0" encoding="UTF-8"?>
<!--
/**
 * Bss Commerce Co.
 *
 * NOTICE OF LICENSE
 *
 * This source file is subject to the EULA
 * that is bundled with this package in the file LICENSE.txt.
 * It is also available through the world-wide-web at this URL:
 * http://bsscommerce.com/Bss-Commerce-License.txt
 *
 * @category   Bss
 * @package    Bss_ProductsWidgetSlider
 * @author     Extension Team
 * @copyright  Copyright (c) 2017-2018 Bss Commerce Co. ( http://bsscommerce.com )
 * @license    http://bsscommerce.com/Bss-Commerce-License.txt
 */
-->

<widgets xmlns:xsi="http://www.w3.org/2001/XMLSchema-instance" xsi:noNamespaceSchemaLocation="urn:magento:module:Magento_Widget:etc/widget.xsd">
    <widget id="bss_products_widget_bestseller" class="Bss\ProductsWidgetSlider\Block\Product\BestSeller">
        <label >Bss Products Widget - Best Seller </label>
        <description>Best Seller widget type</description>
        <parameters>
            <parameter name="title" xsi:type="text" required="false" visible="true">
                <label>Title</label>
            </parameter>
            <parameter name="websiteID" xsi:type="select" required="false" visible="true"
                       source_model="Bss\ProductsWidgetSlider\Model\Config\Source\Websites">
                <label>Website Data</label>
                <description >Select website to get best seller products report from that website.</description>
            </parameter>
            <parameter name="from_date" xsi:type="block" required="false" visible="true">
                <label>From Date (Y-M-D)</label>
                <description >Get products from.</description>
                <block class="Bss\ProductsWidgetSlider\Model\Config\Source\DatePicker"/>
            </parameter>
            <parameter name="to_date" xsi:type="block" required="false" visible="true">
                <label>To Date (Y-M-D)</label>
                <description >Get products before.</description>
                <block class="Bss\ProductsWidgetSlider\Model\Config\Source\DatePicker"/>
            </parameter>
            <parameter name="collection_sort_by" xsi:type="select" visible="true"
                       source_model="Bss\ProductsWidgetSlider\Model\Config\Source\SortByBestSeller">
                <label>Sort Collection By</label>
            </parameter>
            <parameter name="collection_sort_order" xsi:type="select" visible="true"
                       source_model="Bss\ProductsWidgetSlider\Model\Config\Source\SortOrder">
                <label>Sort Collection Order</label>
            </parameter>
            <parameter name="condition" xsi:type="conditions" visible="true" required="true"
                       class="Magento\CatalogWidget\Block\Product\Widget\Conditions">
                <label>Conditions</label>
            </parameter>
            <parameter name="show_price" xsi:type="select" visible="true"
                       source_model="Magento\Config\Model\Config\Source\Yesno">
                <label>Show Product Price</label>
            </parameter>
            <parameter name="show_add_to_cart" xsi:type="select" visible="true"
                       source_model="Magento\Config\Model\Config\Source\Yesno">
                <label>Show Add To Cart</label>
            </parameter>
            <parameter name="show_add_to_wishlist" xsi:type="select" visible="true"
                       source_model="Magento\Config\Model\Config\Source\Yesno">
                <label>Show Add To WishList</label>
            </parameter>
            <parameter name="show_out_of_stock" xsi:type="select" visible="true"
                       source_model="Magento\Config\Model\Config\Source\Yesno">
                <label>Show Out Of Stock</label>
            </parameter>
            <parameter name="show_add_to_compare" xsi:type="select" visible="true"
                       source_model="Magento\Config\Model\Config\Source\Yesno">
                <label>Show Add To Compare</label>
            </parameter>
            <parameter name="show_as_slider" xsi:type="select" visible="true"
                       source_model="Magento\Config\Model\Config\Source\Yesno">
                <label>Show Products in Slider</label>
            </parameter>
            <parameter name="products_per_slide" xsi:type="text" required="true" visible="true">
                <label>Products per Slide</label>
                <depends>
                    <parameter name="show_as_slider" value="1" />
                </depends>
                <value>5</value>
            </parameter>
            <parameter name="show_slider_navigation" xsi:type="select" visible="true"
                       source_model="Magento\Config\Model\Config\Source\Yesno">
                <label>Show Navigation Dots</label>
                <depends>
                    <parameter name="show_as_slider" value="1" />
                </depends>
            </parameter>
            <parameter name="show_arrows" xsi:type="select" visible="true"
                       source_model="Magento\Config\Model\Config\Source\Yesno">
                <label>Show Prev/Next Button</label>
                <depends>
                    <parameter name="show_as_slider" value="1" />
                </depends>
            </parameter>
            <parameter name="auto_every" xsi:type="text" required="false" visible="true">
                <label>Auto slide every (second)</label>
                <description >Auto slide timer, if value = 0 or leave it blank, there is no auto transition.</description>
                <depends>
                    <parameter name="show_as_slider" value="1" />
                </depends>
                <value>2</value>
            </parameter>
            <parameter name="show_pager" xsi:type="select" visible="true"
                       source_model="Magento\Config\Model\Config\Source\Yesno">
                <label>Display Page Control</label>
                <depends>
                    <parameter name="show_as_slider" value="0" />
                </depends>
            </parameter>
            <parameter name="products_per_page" xsi:type="block" required="true" visible="true">
                <label>Products per Page</label>
                <depends>
                    <parameter name="show_pager" value="1" />
                </depends>
                <block class="Bss\ProductsWidgetSlider\Model\Config\Source\BssText"/>
            </parameter>
            <parameter name="products_count" xsi:type="text" required="true" visible="true">
                <label>Number of Products to Display</label>
                <value>10</value>
            </parameter>
            <parameter name="template" xsi:type="select" required="true" visible="true">
                <label>Template</label>
                <options>
                    <option name="bss_products_template" value="Bss_ProductsWidgetSlider::product/widget/content/default.phtml" >
                        <label>Bss Product Template</label>
                    </option>
                    <option name="bss_products_curved_template" value="Bss_ProductsWidgetSlider::product/widget/content/bss_curved.phtml" >
                        <label>Bss Curved Template</label>
                    </option>
                </options>
            </parameter>
        </parameters>
        <containers>
            <container name="content">
                <template name="bss_products_template" value="bss_products_template" />
                <template name="bss_products_curved_template" value="bss_products_curved_template" />
            </container>
            <container name="content.top">
                <template name="bss_products_template" value="bss_products_template" />
                <template name="bss_products_curved_template" value="bss_products_curved_template" />
            </container>
            <container name="content.bottom">
                <template name="bss_products_template" value="bss_products_template" />
                <template name="bss_products_curved_template" value="bss_products_curved_template" />
            </container>
        </containers>
    </widget>
    <widget id="bss_products_widget_mostview" class="Bss\ProductsWidgetSlider\Block\Product\MostView">
        <label >Bss Products Widget - Most Viewed </label>
        <description>Most Viewed widget type</description>
        <parameters>
            <parameter name="title" xsi:type="text" required="false" visible="true">
                <label >Title</label>
            </parameter>
            <parameter name="websiteID" xsi:type="select" required="false" visible="true"
                       source_model="Bss\ProductsWidgetSlider\Model\Config\Source\Websites">
                <label >Website Data</label>
                <description >Select website to get most viewed products report from that website.</description>
            </parameter>
            <parameter name="from_date" xsi:type="block" required="false" visible="true">
                <label >From Date (Y-M-D)</label>
                <description >Get products from.</description>
                <block class="Bss\ProductsWidgetSlider\Model\Config\Source\DatePicker"/>
            </parameter>
            <parameter name="to_date" xsi:type="block" required="false" visible="true">
                <label >To Date (Y-M-D)</label>
                <description >Get products before.</description>
                <block class="Bss\ProductsWidgetSlider\Model\Config\Source\DatePicker"/>
            </parameter>
            <parameter name="collection_sort_by" xsi:type="select" visible="true"
                       source_model="Bss\ProductsWidgetSlider\Model\Config\Source\SortByMostView">
                <label >Sort Collection By</label>
            </parameter>
            <parameter name="collection_sort_order" xsi:type="select" visible="true"
                       source_model="Bss\ProductsWidgetSlider\Model\Config\Source\SortOrder">
                <label >Sort Collection Order</label>
            </parameter>
            <parameter name="condition" xsi:type="conditions" visible="true" required="true"
                       class="Magento\CatalogWidget\Block\Product\Widget\Conditions">
                <label >Conditions</label>
            </parameter>
            <parameter name="show_price" xsi:type="select" visible="true"
                       source_model="Magento\Config\Model\Config\Source\Yesno">
                <label >Show Product Price</label>
            </parameter>
            <parameter name="show_add_to_cart" xsi:type="select" visible="true"
                       source_model="Magento\Config\Model\Config\Source\Yesno">
                <label >Show Add To Cart</label>
            </parameter>
            <parameter name="show_add_to_wishlist" xsi:type="select" visible="true"
                       source_model="Magento\Config\Model\Config\Source\Yesno">
                <label >Show Add To WishList</label>
            </parameter>
            <parameter name="show_out_of_stock" xsi:type="select" visible="true"
                       source_model="Magento\Config\Model\Config\Source\Yesno">
                <label >Show Out Of Stock</label>
            </parameter>
            <parameter name="show_add_to_compare" xsi:type="select" visible="true"
                       source_model="Magento\Config\Model\Config\Source\Yesno">
                <label >Show Add To Compare</label>
            </parameter>
            <parameter name="show_as_slider" xsi:type="select" visible="true"
                       source_model="Magento\Config\Model\Config\Source\Yesno">
                <label >Show Products in Slider</label>
            </parameter>
            <parameter name="products_per_slide" xsi:type="text" required="true" visible="true">
                <label >Products per Slide</label>
                <depends>
                    <parameter name="show_as_slider" value="1" />
                </depends>
                <value>5</value>
            </parameter>
            <parameter name="show_slider_navigation" xsi:type="select" visible="true"
                       source_model="Magento\Config\Model\Config\Source\Yesno">
                <label >Show Navigation Dots</label>
                <depends>
                    <parameter name="show_as_slider" value="1" />
                </depends>
            </parameter>
            <parameter name="show_arrows" xsi:type="select" visible="true"
                       source_model="Magento\Config\Model\Config\Source\Yesno">
                <label >Show Prev/Next Button</label>
                <depends>
                    <parameter name="show_as_slider" value="1" />
                </depends>
            </parameter>
            <parameter name="auto_every" xsi:type="text" required="false" visible="true">
                <label >Auto slide every (second)</label>
                <description >Auto slide timer, if value = 0 or leave it blank, there is no auto transition.</description>
                <depends>
                    <parameter name="show_as_slider" value="1" />
                </depends>
                <value>2</value>
            </parameter>
            <parameter name="show_pager" xsi:type="select" visible="true"
                       source_model="Magento\Config\Model\Config\Source\Yesno">
                <label >Display Page Control</label>
                <depends>
                    <parameter name="show_as_slider" value="0" />
                </depends>
            </parameter>
            <parameter name="products_per_page" xsi:type="block" required="true" visible="true">
                <label >Products per Page</label>
                <depends>
                    <parameter name="show_pager" value="1" />
                </depends>
                <block class="Bss\ProductsWidgetSlider\Model\Config\Source\BssText"/>
            </parameter>
            <parameter name="products_count" xsi:type="text" required="true" visible="true">
                <label >Number of Products to Display</label>
                <value>10</value>
            </parameter>
            <parameter name="template" xsi:type="select" required="true" visible="true">
                <label >Template</label>
                <options>
                    <option name="bss_products_template" value="Bss_ProductsWidgetSlider::product/widget/content/default.phtml" >
                        <label >Bss Product Template</label>
                    </option>
                    <option name="bss_products_curved_template" value="Bss_ProductsWidgetSlider::product/widget/content/bss_curved.phtml" >
                        <label >Bss Curved Template</label>
                    </option>
                </options>
            </parameter>
        </parameters>
        <containers>
            <container name="content">
                <template name="bss_products_template" value="bss_products_template" />
                <template name="bss_products_curved_template" value="bss_products_curved_template" />
            </container>
            <container name="content.top">
                <template name="bss_products_template" value="bss_products_template" />
                <template name="bss_products_curved_template" value="bss_products_curved_template" />
            </container>
            <container name="content.bottom">
                <template name="bss_products_template" value="bss_products_template" />
                <template name="bss_products_curved_template" value="bss_products_curved_template" />
            </container>
        </containers>
    </widget>
    <widget id="bss_products_widget_onsale" class="Bss\ProductsWidgetSlider\Block\Product\OnSale">
        <label >Bss Products Widget - On Sale </label>
        <description>On Sale widget type</description>
        <parameters>
            <parameter name="title" xsi:type="text" required="false" visible="true">
                <label >Title</label>
            </parameter>
            <parameter name="collection_sort_by" xsi:type="select" visible="true"
                       source_model="Bss\ProductsWidgetSlider\Model\Config\Source\SortByOnSale">
                <label >Sort Collection By</label>
            </parameter>
            <parameter name="collection_sort_order" xsi:type="select" visible="true"
                       source_model="Bss\ProductsWidgetSlider\Model\Config\Source\SortOrder">
                <label >Sort Collection Order</label>
            </parameter>
            <parameter name="condition" xsi:type="conditions" visible="true" required="true"
                       class="Magento\CatalogWidget\Block\Product\Widget\Conditions">
                <label >Conditions</label>
            </parameter>
            <parameter name="show_price" xsi:type="select" visible="true"
                       source_model="Magento\Config\Model\Config\Source\Yesno">
                <label >Show Product Price</label>
            </parameter>
            <parameter name="show_add_to_cart" xsi:type="select" visible="true"
                       source_model="Magento\Config\Model\Config\Source\Yesno">
                <label >Show Add To Cart</label>
            </parameter>
            <parameter name="show_add_to_wishlist" xsi:type="select" visible="true"
                       source_model="Magento\Config\Model\Config\Source\Yesno">
                <label >Show Add To WishList</label>
            </parameter>
            <parameter name="show_out_of_stock" xsi:type="select" visible="true"
                       source_model="Magento\Config\Model\Config\Source\Yesno">
                <label >Show Out Of Stock</label>
            </parameter>
            <parameter name="show_add_to_compare" xsi:type="select" visible="true"
                       source_model="Magento\Config\Model\Config\Source\Yesno">
                <label >Show Add To Compare</label>
            </parameter>
            <parameter name="show_as_slider" xsi:type="select" visible="true"
                       source_model="Magento\Config\Model\Config\Source\Yesno">
                <label >Show Products in Slider</label>
            </parameter>
            <parameter name="products_per_slide" xsi:type="text" required="true" visible="true">
                <label >Products per Slide</label>
                <depends>
                    <parameter name="show_as_slider" value="1" />
                </depends>
                <value>5</value>
            </parameter>
            <parameter name="show_slider_navigation" xsi:type="select" visible="true"
                       source_model="Magento\Config\Model\Config\Source\Yesno">
                <label >Show Navigation Dots</label>
                <depends>
                    <parameter name="show_as_slider" value="1" />
                </depends>
            </parameter>
            <parameter name="show_arrows" xsi:type="select" visible="true"
                       source_model="Magento\Config\Model\Config\Source\Yesno">
                <label >Show Prev/Next Button</label>
                <depends>
                    <parameter name="show_as_slider" value="1" />
                </depends>
            </parameter>
            <parameter name="auto_every" xsi:type="text" required="false" visible="true">
                <label >Auto slide every (second)</label>
                <description >Auto slide timer, if value = 0 or leave it blank, there is no auto transition.</description>
                <depends>
                    <parameter name="show_as_slider" value="1" />
                </depends>
                <value>2</value>
            </parameter>
            <parameter name="show_pager" xsi:type="select" visible="true"
                       source_model="Magento\Config\Model\Config\Source\Yesno">
                <label >Display Page Control</label>
                <depends>
                    <parameter name="show_as_slider" value="0" />
                </depends>
            </parameter>
            <parameter name="products_per_page" xsi:type="block" required="true" visible="true">
                <label >Products per Page</label>
                <depends>
                    <parameter name="show_pager" value="1" />
                </depends>
                <block class="Bss\ProductsWidgetSlider\Model\Config\Source\BssText"/>
            </parameter>
            <parameter name="products_count" xsi:type="text" required="true" visible="true">
                <label >Number of Products to Display</label>
                <value>10</value>
            </parameter>
            <parameter name="template" xsi:type="select" required="true" visible="true">
                <label >Template</label>
                <options>
                    <option name="bss_products_template" value="Bss_ProductsWidgetSlider::product/widget/content/default.phtml" >
                        <label >Bss Product Template</label>
                    </option>
                    <option name="bss_products_curved_template" value="Bss_ProductsWidgetSlider::product/widget/content/bss_curved.phtml" >
                        <label >Bss Curved Template</label>
                    </option>
                </options>
            </parameter>
        </parameters>
        <containers>
            <container name="content">
                <template name="bss_products_template" value="bss_products_template" />
                <template name="bss_products_curved_template" value="bss_products_curved_template" />
            </container>
            <container name="content.top">
                <template name="bss_products_template" value="bss_products_template" />
                <template name="bss_products_curved_template" value="bss_products_curved_template" />
            </container>
            <container name="content.bottom">
                <template name="bss_products_template" value="bss_products_template" />
                <template name="bss_products_curved_template" value="bss_products_curved_template" />
            </container>
        </containers>
    </widget>
</widgets>
