<?xml version="1.0"?>
<!--
/**
 * Mageplaza
 *
 * NOTICE OF LICENSE
 *
 * This source file is subject to the mageplaza.com license that is
 * available through the world-wide-web at this URL:
 * https://www.mageplaza.com/LICENSE.txt
 *
 * DISCLAIMER
 *
 * Do not edit or add to this file if you wish to upgrade this extension to newer
 * version in the future.
 *
 * @category    Mageplaza
 * @package     Mageplaza_AutoRelated
 * @copyright   Copyright (c) 2017-2018 Mageplaza (https://www.mageplaza.com/)
 * @license     https://www.mageplaza.com/LICENSE.txt
 */
-->
<config xmlns:xsi="http://www.w3.org/2001/XMLSchema-instance" xsi:noNamespaceSchemaLocation="urn:magento:module:Magento_Config:etc/system_file.xsd">
    <system>
        <section id="autorelated" translate="label" type="text" sortOrder="300" showInDefault="1" showInWebsite="1" showInStore="0">
            <label>Automatic Related Products</label>
            <tab>mageplaza</tab>
            <resource>Mageplaza_AutoRelated::configuration</resource>
            <group id="general" translate="label" type="text" sortOrder="10" showInDefault="1" showInWebsite="1" showInStore="1">
                <label>General Configuration</label>
                <field id="enabled" translate="label comment" type="select" sortOrder="10" showInDefault="1" showInWebsite="1" showInStore="1">
                    <label>Enable Automatic Related Products</label>
                    <source_model>Magento\Config\Model\Config\Source\Yesno</source_model>
                    <comment>Select Yes to enable this module</comment>
                </field>
                <field id="display_style" translate="label comment" type="select" sortOrder="20" showInDefault="1" showInWebsite="1" showInStore="1">
                    <label>Display Style</label>
                    <source_model>Mageplaza\AutoRelated\Model\Config\Source\DisplayStyle</source_model>
                    <comment>Choose Ajax display or Block display</comment>
                </field>
            </group>
        </section>
    </system>
</config>
