<?xml version="1.0" ?>
<config xmlns:xsi="http://www.w3.org/2001/XMLSchema-instance" xsi:noNamespaceSchemaLocation="urn:magento:framework:Acl/etc/acl.xsd">
	<acl>
		<resources>
			<resource id="Magento_Backend::admin">
				<resource id="Vbj_Goldrateform::vaibhav_goldrate_form" title="vaibhav_goldrate_form" sortOrder="10">
					<resource id="Vbj_Goldrateform::vaibhav_goldrate_form_save" title="Save vaibhav_goldrate_form" sortOrder="10"/>
					<resource id="Vbj_Goldrateform::vaibhav_goldrate_form_delete" title="Delete vaibhav_goldrate_form" sortOrder="20"/>
					<resource id="Vbj_Goldrateform::vaibhav_goldrate_form_update" title="Update vaibhav_goldrate_form" sortOrder="30"/>
					<resource id="Vbj_Goldrateform::vaibhav_goldrate_form_view" title="View vaibhav_goldrate_form" sortOrder="40"/>
				</resource>
			</resource>
		</resources>
	</acl>
</config>
