<?xml version="1.0" ?>
<schema xmlns:xsi="http://www.w3.org/2001/XMLSchema-instance" xsi:noNamespaceSchemaLocation="urn:magento:framework:Setup/Declaration/Schema/etc/schema.xsd">
	<table name="vbj_goldrateform_vaibhav_goldrate_form" resource="default" engine="innodb" comment="vbj_goldrateform_vaibhav_goldrate_form Table">
		<column xsi:type="int" name="vaibhav_goldrate_form_id" padding="10" unsigned="true" nullable="false" identity="true" comment="Entity Id"/>
		<constraint xsi:type="primary" referenceId="PRIMARY">
			<column name="vaibhav_goldrate_form_id"/>
		</constraint>
		<column name="customer_name" nullable="true" xsi:type="text" comment="Customer Name"/>
		<column name="customer_email" nullable="true" xsi:type="varchar" comment="Customer Email" length="255"/>
		<column name="customer_area" nullable="true" xsi:type="varchar" comment="Customer Area" length="255"/>
		<column name="customer_mobile" nullable="true" xsi:type="varchar" comment="Customer Mobile" length="255"/>
	</table>
</schema>
