<?xml version="1.0" ?>
<config xmlns:xsi="http://www.w3.org/2001/XMLSchema-instance" xsi:noNamespaceSchemaLocation="urn:magento:framework:ObjectManager/etc/config.xsd">
	<preference for="Vbj\Goldrateform\Api\VaibhavGoldrateFormRepositoryInterface" type="Vbj\Goldrateform\Model\VaibhavGoldrateFormRepository"/>
	<preference for="Vbj\Goldrateform\Api\Data\VaibhavGoldrateFormInterface" type="Vbj\Goldrateform\Model\VaibhavGoldrateForm"/>
	<preference for="Vbj\Goldrateform\Api\Data\VaibhavGoldrateFormSearchResultsInterface" type="Magento\Framework\Api\SearchResults"/>
	<virtualType name="Vbj\Goldrateform\Model\ResourceModel\VaibhavGoldrateForm\Grid\Collection" type="Magento\Framework\View\Element\UiComponent\DataProvider\SearchResult">
		<arguments>
			<argument name="mainTable" xsi:type="string">vbj_goldrateform_vaibhav_goldrate_form</argument>
			<argument name="resourceModel" xsi:type="string">Vbj\Goldrateform\Model\ResourceModel\VaibhavGoldrateForm\Collection</argument>
		</arguments>
	</virtualType>
	<type name="Magento\Framework\View\Element\UiComponent\DataProvider\CollectionFactory">
		<arguments>
			<argument name="collections" xsi:type="array">
				<item name="vbj_goldrateform_vaibhav_goldrate_form_listing_data_source" xsi:type="string">Vbj\Goldrateform\Model\ResourceModel\VaibhavGoldrateForm\Grid\Collection</item>
			</argument>
		</arguments>
	</type>
</config>
