<?xml version="1.0" ?>
<config xmlns:xsi="http://www.w3.org/2001/XMLSchema-instance" xsi:noNamespaceSchemaLocation="urn:magento:framework:ObjectManager/etc/config.xsd">
	<virtualType name="AppearanceSourcegold_price" type="Magento\PageBuilder\Model\Source\VisualSelect">
		<arguments>
			<argument name="optionsSize" xsi:type="string">large</argument>
			<argument name="optionsData" xsi:type="array">
				<item name="0" xsi:type="array">
					<item name="value" xsi:type="string">default</item>
					<item name="title" xsi:type="string" translate="true">Default</item>
				</item>
			</argument>
		</arguments>
	</virtualType>
</config>
