<?xml version="1.0"?>

<config xmlns:xsi="http://www.w3.org/2001/XMLSchema-instance" xsi:noNamespaceSchemaLocation="urn:magento:framework:ObjectManager/etc/config.xsd">
	<type name="Infibeam\Ccavenue\Logger\Handler">
        <arguments>
            <argument name="filesystem" xsi:type="object">Magento\Framework\Filesystem\Driver\File</argument>
        </arguments>
    </type>
    <type name="Infibeam\Ccavenue\Logger\Logger">
        <arguments>
            <argument name="name" xsi:type="string">ccavenue</argument>
            <argument name="handlers"  xsi:type="array">
                <item name="system" xsi:type="object">Infibeam\Ccavenue\Logger\Handler</item>
            </argument>
        </arguments>
    </type>
    <type name="Magento\Framework\App\Request\CsrfValidator">
        <plugin name="csrf_validator_skip" type="Infibeam\Ccavenue\Plugin\CsrfValidatorSkip" />
    </type>
    <type name="Magento\Framework\Session\SessionStartChecker">
        <plugin name="AdyenTransparentSessionChecker" type="Infibeam\Ccavenue\Plugin\TransparentSessionChecker" sortOrder="10"/>
    </type>
    
    <!-- To stop magento order email -->
    <preference for="Magento\Sales\Model\Order\Email\Sender\OrderSender" type="Infibeam\Ccavenue\Model\Order\EmailSender"/>

    <preference for="Magento\Sales\Model\Order\Payment" type="Infibeam\Ccavenue\Model\Order\PaymentPlace"/>
</config>
