<?xml version="1.0"?>
<schema xmlns:xsi="http://www.w3.org/2001/XMLSchema-instance" xsi:noNamespaceSchemaLocation="urn:magento:framework:Setup/Declaration/Schema/etc/schema.xsd">
  <table name="mst_seo_redirect" resource="default" engine="innodb" comment="mst_seo_redirect">
    <column xsi:type="int" name="redirect_id" padding="11" unsigned="false" nullable="false" identity="true" comment="Redirect Id"/>
    <column xsi:type="text" name="url_from" nullable="false" comment="Url From"/>
    <column xsi:type="text" name="url_to" nullable="false" comment="Url To"/>
    <column xsi:type="int" name="is_redirect_only_error_page" padding="10" unsigned="true" nullable="false" identity="false" default="0" comment="Is Redirect Only Error Page"/>
    <column xsi:type="text" name="comments" nullable="true" comment="Comments"/>
    <column xsi:type="int" name="is_active" padding="10" unsigned="true" nullable="false" identity="false" default="0" comment="Is Active"/>
    <column xsi:type="int" name="redirect_type" padding="10" unsigned="true" nullable="false" identity="false" default="301" comment="Redirect type"/>
    <constraint xsi:type="primary" referenceId="PRIMARY">
      <column name="redirect_id"/>
    </constraint>
    <index referenceId="MST_SEO_REDIRECT_URL_FROM" indexType="fulltext">
      <column name="url_from"/>
    </index>
  </table>
  <table name="mst_seo_redirect_store" resource="default" engine="innodb" comment="mst_seo_redirect_store">
    <column xsi:type="int" name="id" padding="11" unsigned="false" nullable="false" identity="true" comment="Id"/>
    <column xsi:type="int" name="redirect_id" padding="11" unsigned="false" nullable="false" identity="false" comment="Redirect Id"/>
    <column xsi:type="smallint" name="store_id" padding="5" unsigned="true" nullable="false" identity="false" comment="Store Id"/>
    <constraint xsi:type="primary" referenceId="PRIMARY">
      <column name="id"/>
    </constraint>
    <constraint xsi:type="foreign" referenceId="MST_SEO_REDIRECT_STORE_STORE_ID_STORE_STORE_ID" table="mst_seo_redirect_store" column="store_id" referenceTable="store" referenceColumn="store_id" onDelete="CASCADE"/>
    <constraint xsi:type="foreign" referenceId="FK_E328F9E52561B8D1DD696AE94CC87D93" table="mst_seo_redirect_store" column="redirect_id" referenceTable="mst_seo_redirect" referenceColumn="redirect_id" onDelete="CASCADE"/>
    <index referenceId="MST_SEO_REDIRECT_STORE_STORE_ID" indexType="btree">
      <column name="store_id"/>
    </index>
    <index referenceId="MST_SEO_REDIRECT_STORE_REDIRECT_ID" indexType="btree">
      <column name="redirect_id"/>
    </index>
  </table>
  <table name="cms_page" resource="default">
    <column xsi:type="varchar" name="alternate_group" nullable="true" length="255" comment="Alternate group"/>
    <column xsi:type="varchar" name="open_graph_iurl" nullable="true" length="255" comment="Open Graph Image Url"/>
  </table>
  <table name="mst_seo_canonical_rewrite" resource="default" engine="innodb" comment="mst_seo_canonical_rewrite">
    <column xsi:type="int" name="canonical_rewrite_id" padding="11" unsigned="false" nullable="false" identity="true" comment="Canonical Rewrite Id"/>
    <column xsi:type="int" name="is_active" padding="10" unsigned="true" nullable="false" identity="false" default="0" comment="Is Active"/>
    <column xsi:type="text" name="canonical" nullable="false" comment="Canonical"/>
    <column xsi:type="text" name="reg_expression" nullable="true" comment="Regular expression"/>
    <column xsi:type="text" name="conditions_serialized" nullable="false" comment="Conditions Serialized"/>
    <column xsi:type="text" name="actions_serialized" nullable="false" comment="Actions Serialized"/>
    <column xsi:type="int" name="sort_order" padding="10" unsigned="true" nullable="false" identity="false" comment="Sort Order"/>
    <column xsi:type="text" name="comments" nullable="true" comment="Comments"/>
    <constraint xsi:type="primary" referenceId="PRIMARY">
      <column name="canonical_rewrite_id"/>
    </constraint>
    <index referenceId="MST_SEO_CANONICAL_REWRITE_CANONICAL" indexType="fulltext">
      <column name="canonical"/>
    </index>
  </table>
  <table name="mst_seo_canonical_rewrite_store" resource="default" engine="innodb" comment="mst_seo_canonical_rewrite_store">
    <column xsi:type="int" name="id" padding="11" unsigned="false" nullable="false" identity="true" comment="Id"/>
    <column xsi:type="int" name="canonical_rewrite_id" padding="11" unsigned="false" nullable="false" identity="false" comment="Canonical Rewrite Id"/>
    <column xsi:type="smallint" name="store_id" padding="5" unsigned="true" nullable="false" identity="false" comment="Store Id"/>
    <constraint xsi:type="primary" referenceId="PRIMARY">
      <column name="id"/>
    </constraint>
    <constraint xsi:type="foreign" referenceId="MST_SEO_CANONICAL_REWRITE_STORE_STORE_ID_STORE_STORE_ID" table="mst_seo_canonical_rewrite_store" column="store_id" referenceTable="store" referenceColumn="store_id" onDelete="CASCADE"/>
    <constraint xsi:type="foreign" referenceId="FK_FCA3C80C38CFD10DF06133FFD9B583DE" table="mst_seo_canonical_rewrite_store" column="canonical_rewrite_id" referenceTable="mst_seo_canonical_rewrite" referenceColumn="canonical_rewrite_id" onDelete="CASCADE"/>
    <index referenceId="MST_SEO_CANONICAL_REWRITE_STORE_STORE_ID" indexType="btree">
      <column name="store_id"/>
    </index>
    <index referenceId="MST_SEO_CANONICAL_REWRITE_STORE_CANONICAL_REWRITE_ID" indexType="btree">
      <column name="canonical_rewrite_id"/>
    </index>
  </table>
</schema>
