<?xml version="1.0" encoding="UTF-8"?>
<config xmlns:xsi="http://www.w3.org/2001/XMLSchema-instance" xsi:noNamespaceSchemaLocation="urn:magento:framework:ObjectManager/etc/config.xsd">
<type name="Retailinsights\CategoryAttr\Controller\adminhtml\Category\Image\Upload">
    <arguments>
        <argument name="imageUploader" xsi:type="object">Magento\Catalog\CategoryImageUpload</argument>
    </arguments>
</type>
<type name="Retailinsights\CategoryAttr\Controller\adminhtml\Category\Image\Upload1">
    <arguments>
        <argument name="imageUploader" xsi:type="object">Magento\Catalog\CategoryImageUpload</argument>
    </arguments>
</type>
<type name="Retailinsights\CategoryAttr\Controller\adminhtml\Category\Image\Upload2">
    <arguments>
        <argument name="imageUploader" xsi:type="object">Magento\Catalog\CategoryImageUpload</argument>
    </arguments>
</type>

<type name="Retailinsights\CategoryAttr\Controller\adminhtml\Category\Image\Upload3">
    <arguments>
        <argument name="imageUploader" xsi:type="object">Magento\Catalog\CategoryImageUpload</argument>
    </arguments>
</type>

<virtualType name="Magento\Catalog\CategoryImageUpload" type="Magento\Catalog\Model\ImageUploader">
    <arguments>
        <argument name="baseTmpPath" xsi:type="string">catalog/category</argument>
        <!-- <argument name="baseTmpPath" xsi:type="string">catalog/tmp/category</argument> -->
        <argument name="basePath" xsi:type="string">catalog/category</argument>
        <argument name="allowedExtensions" xsi:type="array">
            <item name="jpg" xsi:type="string">jpg</item>
            <item name="jpeg" xsi:type="string">jpeg</item>
            <item name="gif" xsi:type="string">gif</item>
            <item name="png" xsi:type="string">png</item>
        </argument>
    </arguments>
</virtualType>
<preference for="Magento\Catalog\Model\Category\DataProvider" type="Retailinsights\CategoryAttr\Model\Category\DataProvider" />

</config>
