<?xml version="1.0"?>
<config xmlns:xsi="http://www.w3.org/2001/XMLSchema-instance" xsi:noNamespaceSchemaLocation="urn:magento:framework:ObjectManager/etc/config.xsd">

    <!-- router for changed urls -->
    <type name="Magento\Framework\App\Router\Base">
        <plugin name="Mirasvit_SeoFilter::routerPlugin" type="Mirasvit\SeoFilter\Plugin\Frontend\MakeRequestBeforeRouteMatchPlugin" sortOrder="1000"/>
    </type>

    <!--change attribute urls-->
    <type name="Magento\Catalog\Model\Layer\Filter\Item">
        <plugin name="Mirasvit_SeoFilter::getUrl" type="Mirasvit\SeoFilter\Plugin\Frontend\GetFriendlyUrlOnFilterItemPlugin" sortOrder="1000"/>
        <plugin name="Mirasvit_SeoFilter::getRemoveUrl" type="Mirasvit\SeoFilter\Plugin\Frontend\GetFriendlyRemoveUrlOnFilterItemPlugin" sortOrder="1000"/>
    </type>

    <!--change size and color urls-->
    <type name="Magento\Swatches\Block\LayeredNavigation\RenderLayered">
        <plugin name="Mirasvit_SeoFilter::swatchUrl" type="Mirasvit\SeoFilter\Plugin\Frontend\AddSwatchUrlParamsPlugin" sortOrder="1000"/>
    </type>

    <!-- change clear all url -->
    <type name="Magento\LayeredNavigation\Block\Navigation\State">
        <plugin name="Mirasvit_SeoFilter::clearUrl" type="Mirasvit\SeoFilter\Plugin\Frontend\GetClearUrlPlugin" sortOrder="1000"/>
    </type>

    <!-- change pager url -->
    <type name="Magento\Theme\Block\Html\Pager">
        <plugin name="Mirasvit_SeoFilter::pageUrl" type="Mirasvit\SeoFilter\Plugin\Frontend\AddQueryParamsOnThemePagerPlugin" sortOrder="1000"/>
    </type>

    <!-- change toolbar url -->
    <type name="Magento\Catalog\Block\Product\ProductList\Toolbar">
        <plugin name="Mirasvit_SeoFilter::toolbarUrl" type="Mirasvit\SeoFilter\Plugin\Frontend\AddQueryParamsOnToolbarPagerPlugin" sortOrder="1000"/>
    </type>
</config>
