<config xmlns:xsi="http://www.w3.org/2001/XMLSchema-instance"
        xsi:noNamespaceSchemaLocation="urn:magento:framework:ObjectManager/etc/config.xsd">

    <type name="Mirasvit\SeoToolbar\Block\Toolbar">
        <arguments>
            <argument name="dataProviderPool" xsi:type="array">
                <item name="10" xsi:type="object">Mirasvit\SeoToolbar\DataProvider\PageAuditDataProvider</item>
            </argument>
        </arguments>
    </type>

    <type name="Mirasvit\SeoToolbar\DataProvider\PageAuditDataProvider">
        <arguments>
            <argument name="criteriaPool" xsi:type="array">
                <item name="10" xsi:type="object">Mirasvit\SeoToolbar\DataProvider\Criteria\RobotsCriteria</item>
                <item name="20" xsi:type="object">Mirasvit\SeoToolbar\DataProvider\Criteria\CanonicalCriteria</item>
                <item name="30" xsi:type="object">Mirasvit\SeoToolbar\DataProvider\Criteria\TitleCriteria</item>
                <item name="40" xsi:type="object">Mirasvit\SeoToolbar\DataProvider\Criteria\MetaDescriptionCriteria</item>
                <item name="50" xsi:type="object">Mirasvit\SeoToolbar\DataProvider\Criteria\MetaKeywordsCriteria</item>
                <item name="60" xsi:type="object">Mirasvit\SeoToolbar\DataProvider\Criteria\HeadingsCriteria</item>
                <item name="65" xsi:type="object">Mirasvit\SeoToolbar\DataProvider\Criteria\RsCriteria</item>
                <item name="70" xsi:type="object">Mirasvit\SeoToolbar\DataProvider\Criteria\ImageAltCriteria</item>
                <item name="80" xsi:type="object">Mirasvit\SeoToolbar\DataProvider\Criteria\SeoAutolinksCriteria</item>
            </argument>
        </arguments>
    </type>
</config>
