<?xml version="1.0" encoding="UTF-8"?>
<config xmlns:xsi="http://www.w3.org/2001/XMLSchema-instance" xsi:noNamespaceSchemaLocation="urn:magento:module:Magento_Config:etc/system_file.xsd">
    <system>
        <section id="mst_seo_filter" showInDefault="1" showInWebsite="1" showInStore="1" type="text" translate="label" sortOrder="450">
            <label>SEO Filters</label>
            <tab>mirasvit</tab>
            <resource>Mirasvit_SeoFilter::config_seofilter</resource>

            <group id="general" showInDefault="1" showInWebsite="1" showInStore="1" sortOrder="1000">
                <label>SEO friendly Layered Navigation URLs</label>

                <field id="is_enabled" translate="label" type="select" showInDefault="1" showInWebsite="1" showInStore="1" sortOrder="10">
                    <label>Enabled</label>
                    <source_model>Magento\Config\Model\Config\Source\Yesno</source_model>
                    <tooltip><![CDATA[If Enabled extension will add friendly urls for Layered Navigation]]></tooltip>
                    <comment>This functionality will work only with default Magento Layered Navigation or Mirasvit Layered Navigation extension</comment>
                </field>

                <field id="url_format" translate="label" type="select" showInDefault="1" showInWebsite="0" showInStore="0" sortOrder="15">
                    <label>URL Format</label>
                    <source_model>Mirasvit\SeoFilter\Model\Config\Source\UrlFormatSource</source_model>
                    <depends>
                        <field id="is_enabled">1</field>
                    </depends>
                </field>

                <field id="name_separator" translate="label" type="select" showInDefault="1" showInWebsite="0" showInStore="0" sortOrder="20">
                    <label>Separator goes between words in complex filter names</label>
                    <source_model>Mirasvit\SeoFilter\Model\Config\Source\NameSeparatorSource</source_model>
                    <depends>
                        <field id="is_enabled">1</field>
                    </depends>
                </field>

                <field id="prefix" translate="label" type="text" showInDefault="1" showInWebsite="1" showInStore="1" sortOrder="30">
                    <label>Use prefix before filters</label>
                    <depends>
                        <field id="is_enabled">1</field>
                    </depends>
                </field>

                <field id="reset" translate="label comment tooltip" type="text" sortOrder="85" showInDefault="1">
                    <button_label>Remove existing aliases</button_label>
                    <frontend_model>Mirasvit\SeoFilter\Block\Adminhtml\Config\Form\Field\Command\Reset</frontend_model>
                    <depends>
                        <field id="is_enabled">1</field>
                    </depends>
                </field>
            </group>
        </section>
    </system>
</config>
