<?xml version="1.0"?>

<routes xmlns:xsi="http://www.w3.org/2001/XMLSchema-instance" xsi:noNamespaceSchemaLocation="../../../../../app/code/Magento/Webapi/etc/webapi.xsd">

        <route url="/V1/configproducts/getcustomprice/" method="POST">
            <service class="Retailinsights\ConfigProducts\Api\ConfigProductInterface" method="getcustomprice"/>
            <resources>
                <resource ref="anonymous"/>
            </resources>
        </route>

        <!-- <route url="/V1/customapi/subscribe/" method="POST">
            <service class="Retailinsights\CustomApi\Api\NewsletterInterface" method="subscribe"/>
            <resources>
                <resource ref="anonymous"/>
            </resources>
        </route> -->
</routes>
