<?xml version="1.0"?>
<!--
/**
 * @author Amasty Team
 * @copyright Copyright (c) 2022 Amasty (https://www.amasty.com)
 * @package Magento 2 Base Package
 */-->
<config xmlns:xsi="http://www.w3.org/2001/XMLSchema-instance"
        xsi:noNamespaceSchemaLocation="urn:magento:framework:Acl/etc/acl.xsd">
    <acl>
        <resources>
            <resource id="Magento_Backend::admin">
                <resource id="MenuAmasty_Base::menu" title="Amasty Extensions" translate="title" sortOrder="79">
                    <resource id="Amasty_Base::marketplace" title="Amasty Marketplace" translate="title" sortOrder="1"/>
                </resource>

                <resource id="Magento_Backend::stores">
                    <resource id="Magento_Backend::stores_settings">
                        <resource id="Magento_Config::config">
                            <resource id="Amasty_Base::config"
                                      title="Amasty - Extensions Information"
                                      sortOrder="110" />
                        </resource>
                    </resource>
                </resource>
            </resource>
        </resources>
    </acl>
</config>
