<config xmlns:xsi="http://www.w3.org/2001/XMLSchema-instance"
        xsi:noNamespaceSchemaLocation="urn:magento:framework:ObjectManager/etc/config.xsd">
    <!-- DATA -->
    <preference for="Mirasvit\SeoAudit\Api\Data\JobInterface" type="Mirasvit\SeoAudit\Model\Job"/>
    <preference for="Mirasvit\SeoAudit\Api\Data\CheckResultInterface" type="Mirasvit\SeoAudit\Model\CheckResult"/>
    <preference for="Mirasvit\SeoAudit\Api\Data\UrlInterface" type="Mirasvit\SeoAudit\Model\Url"/>

    <!--Entity Manager-->
    <type name="Magento\Framework\EntityManager\MetadataPool">
        <arguments>
            <argument name="metadata" xsi:type="array">
                <item name="Mirasvit\SeoAudit\Api\Data\JobInterface" xsi:type="array">
                    <item name="entityTableName" xsi:type="const">Mirasvit\SeoAudit\Api\Data\JobInterface::TABLE_NAME</item>
                    <item name="identifierField" xsi:type="const">Mirasvit\SeoAudit\Api\Data\JobInterface::ID</item>
                </item>
                <item name="Mirasvit\SeoAudit\Api\Data\CheckResultInterface" xsi:type="array">
                    <item name="entityTableName" xsi:type="const">Mirasvit\SeoAudit\Api\Data\CheckResultInterface::TABLE_NAME</item>
                    <item name="identifierField" xsi:type="const">Mirasvit\SeoAudit\Api\Data\CheckResultInterface::ID</item>
                </item>
                <item name="Mirasvit\SeoAudit\Api\Data\UrlInterface" xsi:type="array">
                    <item name="entityTableName" xsi:type="const">Mirasvit\SeoAudit\Api\Data\UrlInterface::TABLE_NAME</item>
                    <item name="identifierField" xsi:type="const">Mirasvit\SeoAudit\Api\Data\UrlInterface::ID</item>
                </item>
            </argument>
        </arguments>
    </type>
    <type name="Magento\Framework\EntityManager\HydratorPool">
        <arguments>
            <argument name="hydrators" xsi:type="array">
                <item name="Mirasvit\SeoAudit\Api\Data\JobInterface" xsi:type="string">Magento\Framework\EntityManager\AbstractModelHydrator</item>
                <item name="Mirasvit\SeoAudit\Api\Data\CheckResultInterface" xsi:type="string">Magento\Framework\EntityManager\AbstractModelHydrator</item>
                <item name="Mirasvit\SeoAudit\Api\Data\UrlInterface" xsi:type="string">Magento\Framework\EntityManager\AbstractModelHydrator</item>
            </argument>
        </arguments>
    </type>

    <!-- Commands -->
    <type name="Magento\Framework\Console\CommandListInterface">
        <arguments>
            <argument name="commands" xsi:type="array">
                <item name="mstSeoAuditJob" xsi:type="object">Mirasvit\SeoAudit\Console\Command\JobCommand</item>
            </argument>
        </arguments>
    </type>

    <!-- Factory -->
    <type name="Mirasvit\SeoAudit\Parser\ParserFactory">
        <arguments>
            <argument name="pool" xsi:type="array">
                <item name="page" xsi:type="object">Mirasvit\SeoAudit\Parser\PageParser</item>
                <item name="sitemap" xsi:type="object">Mirasvit\SeoAudit\Parser\SitemapParser</item>
                <item name="robots" xsi:type="object">Mirasvit\SeoAudit\Parser\RobotsParser</item>
            </argument>
        </arguments>
    </type>

    <!-- Checks -->
    <type name="Mirasvit\SeoAudit\Repository\CheckResultRepository">
        <arguments>
            <argument name="pool" xsi:type="array">
                <item name="http_status_code_200" xsi:type="object">Mirasvit\SeoAudit\Check\HttpStatusCode\Code200</item>
                <item name="http_status_code_404" xsi:type="object">Mirasvit\SeoAudit\Check\HttpStatusCode\Code404</item>
                <item name="http_status_code_4xx" xsi:type="object">Mirasvit\SeoAudit\Check\HttpStatusCode\Code4xx</item>
                <item name="meta_title_length" xsi:type="object">Mirasvit\SeoAudit\Check\Meta\TitleLength</item>
                <item name="meta_title_duplicate" xsi:type="object">Mirasvit\SeoAudit\Check\Meta\TitleDuplicate</item>
                <item name="meta_description_length" xsi:type="object">Mirasvit\SeoAudit\Check\Meta\DescriptionLength</item>
                <item name="meta_description_duplicate" xsi:type="object">Mirasvit\SeoAudit\Check\Meta\DescriptionDuplicate</item>
                <item name="children_redirect" xsi:type="object">Mirasvit\SeoAudit\Check\Children\Redirect</item>
                <item name="children_broken_page" xsi:type="object">Mirasvit\SeoAudit\Check\Children\BrokenPage</item>
                <item name="children_broken_resources" xsi:type="object">Mirasvit\SeoAudit\Check\Children\BrokenResource</item>
                <item name="markup_h1_missed" xsi:type="object">Mirasvit\SeoAudit\Check\Markup\H1Missed</item>
                <item name="markup_h1_multiple" xsi:type="object">Mirasvit\SeoAudit\Check\Markup\H1Multiple</item>
            </argument>
        </arguments>
    </type>

    <!--UI-->
    <type name="Magento\Framework\View\Element\UiComponent\DataProvider\CollectionFactory">
        <arguments>
            <argument name="collections" xsi:type="array">
                <item name="seoaudit_job_listing_data_source" xsi:type="string">Mirasvit\SeoAudit\Model\ResourceModel\Job\Grid</item>
                <item name="seoaudit_job_details_data_source" xsi:type="string">Mirasvit\SeoAudit\Model\ResourceModel\Job\Grid</item>
                <item name="seoaudit_job_details_listing_data_source" xsi:type="string">Mirasvit\SeoAudit\Model\ResourceModel\CheckResult\Grid</item>
                <item name="seoaudit_job_url_listing_data_source" xsi:type="string">Mirasvit\SeoAudit\Model\ResourceModel\CheckResult\UrlGrid</item>
            </argument>
        </arguments>
    </type>
</config>
