<?xml version="1.0"?>
<!--
/**
 * Mageplaza
 *
 * NOTICE OF LICENSE
 *
 * This source file is subject to the Mageplaza.com license that is
 * available through the world-wide-web at this URL:
 * https://www.mageplaza.com/LICENSE.txt
 *
 * DISCLAIMER
 *
 * Do not edit or add to this file if you wish to upgrade this extension to newer
 * version in the future.
 *
 * @category    Mageplaza
 * @package     Mageplaza_SocialLogin
 * @copyright   Copyright (c) Mageplaza (http://www.mageplaza.com/)
 * @license     https://www.mageplaza.com/LICENSE.txt
 */
-->
<config xmlns:xsi="http://www.w3.org/2001/XMLSchema-instance" xsi:noNamespaceSchemaLocation="urn:magento:module:Magento_Config:etc/system_file.xsd">
    <system>
        <section id="sociallogin" translate="label" type="text" sortOrder="300" showInDefault="1" showInWebsite="1" showInStore="1">
            <class>separator-top</class>
            <label>Social Login</label>
            <tab>mageplaza</tab>
            <resource>Mageplaza_SocialLogin::configuration</resource>
            <group id="general" translate="label" type="text" sortOrder="1" showInDefault="1" showInWebsite="1" showInStore="1">
                <label>General</label>
                <field id="enabled" translate="label comment" type="select" sortOrder="10" showInDefault="1" showInWebsite="1" showInStore="1">
                    <label>Enable</label>
                    <source_model>Magento\Config\Model\Config\Source\Yesno</source_model>
                    <comment><![CDATA[This extension is fully compatible with <a href="https://goo.gl/C6kwiJ" target="_blank">One Step Checkout</a>.
                    <br> Increase 25% conversion rate with <a href="https://goo.gl/6chU3c" target="_blank">Layered Navigation</a>]]></comment>
                </field>
                <field id="send_password" translate="label comment" type="select" sortOrder="12" showInDefault="1" showInWebsite="1" showInStore="1">
                    <label>Send Password To Customer</label>
                    <source_model>Magento\Config\Model\Config\Source\Yesno</source_model>
                </field>
                <field id="social_display" translate="label comment" type="multiselect" sortOrder="14" showInDefault="1" showInWebsite="1" showInStore="1">
                    <label>Show Social Login Buttons on</label>
                    <source_model>Mageplaza\SocialLogin\Model\System\Config\Source\Position</source_model>
                </field>
                <field id="popup_login" translate="label comment" type="select" sortOrder="15" showInDefault="1" showInWebsite="1" showInStore="1">
                    <label>Use Popup Login</label>
                    <source_model>Magento\Config\Model\Config\Source\Yesno</source_model>
                </field>
                <field id="link_trigger" translate="label" type="text" sortOrder="18" showInDefault="1" showInWebsite="1" showInStore="1">
                    <label>Popup Links Selector</label>
                    <comment>Comma-separated.</comment>
                    <!--Compatible: Etheme_YourStore[ .dropdown-menu.dropdown-menu&#45;&#45;xs-full ]-->
                    <depends>
                        <field id="popup_login">1</field>
                    </depends>
                </field>
                <field id="fake_email_require" translate="label comment" type="select" sortOrder="19" showInDefault="1" showInWebsite="1" showInStore="1">
                    <label>Require Real Email</label>
                    <source_model>Magento\Config\Model\Config\Source\Yesno</source_model>
                    <comment><![CDATA[ Entering email address is required to social networks which don't provide real E-mail. ]]></comment>
                </field>
                <field id="popup_effect" translate="label" type="select" sortOrder="20" showInDefault="1" showInWebsite="1" showInStore="1">
                    <label>Popup Effect</label>
                    <source_model>Mageplaza\SocialLogin\Model\System\Config\Source\Effect</source_model>
                    <depends>
                        <field id="popup_login">1</field>
                    </depends>
                </field>
                <field id="style_management" translate="label" type="select" sortOrder="40" showInDefault="1" showInWebsite="1" showInStore="1">
                    <label>Style Management</label>
                    <source_model>Mageplaza\SocialLogin\Model\System\Config\Source\Color</source_model>
                    <depends>
                        <field id="popup_login">1</field>
                    </depends>
                </field>
                <field id="custom_color" translate="label" type="text" sortOrder="45" showInDefault="1" showInWebsite="1" showInStore="1">
                    <label>Custom Color</label>
                    <validate>jscolor {hash:true,refine:false}</validate>
                    <depends>
                        <field id="popup_login">1</field>
                        <field id="style_management">custom</field>
                    </depends>
                </field>
                <field id="custom_css" translate="label" type="textarea" sortOrder="55" showInDefault="1" showInWebsite="1" showInStore="1">
                    <label>Custom CSS</label>
                </field>
            </group>
            <group id="facebook" translate="label" type="text" sortOrder="10" showInDefault="1" showInWebsite="1" showInStore="1">
                <label>Facebook</label>
                <field id="is_enabled" translate="label comment" type="select" sortOrder="10" showInDefault="1" showInWebsite="1" showInStore="1">
                    <label>Enable</label>
                    <source_model>Magento\Config\Model\Config\Source\Yesno</source_model>
                    <comment><![CDATA[Create app <a href="https://developers.facebook.com/apps" target="_bank">here</a>]]></comment>
                </field>
                <field id="app_id" translate="label" type="text" sortOrder="20" showInDefault="1" showInWebsite="1" showInStore="1">
                    <label>Facebook App Id</label>
                    <validate>required-entry</validate>
                    <depends>
                        <field id="is_enabled">1</field>
                    </depends>
                </field>
                <field id="app_secret" translate="label" type="text" sortOrder="30" showInDefault="1" showInWebsite="1" showInStore="1">
                    <label>Facebook App Secret</label>
                    <validate>required-entry</validate>
                    <depends>
                        <field id="is_enabled">1</field>
                    </depends>
                </field>
                <field id="redirect_url" translate="label" type="text" sortOrder="40" showInDefault="1" showInWebsite="1" showInStore="1">
                    <frontend_model>Mageplaza\SocialLogin\Block\System\RedirectUrl</frontend_model>
                    <label>Valid OAuth redirect URIs</label>
                    <depends>
                        <field id="is_enabled">1</field>
                    </depends>
                </field>
                <field id="sort_order" translate="label" type="text" sortOrder="50" showInDefault="1" showInWebsite="1" showInStore="1">
                    <label>Sort Order</label>
                    <depends>
                        <field id="is_enabled">1</field>
                    </depends>
                </field>
            </group>
            <group id="google" translate="label" type="text" sortOrder="20" showInDefault="1" showInWebsite="1" showInStore="1">
                <label>Google</label>
                <field id="is_enabled" translate="label comment" type="select" sortOrder="10" showInDefault="1" showInWebsite="1" showInStore="1">
                    <label>Enable</label>
                    <source_model>Magento\Config\Model\Config\Source\Yesno</source_model>
                    <comment><![CDATA[Create app <a href="https://code.google.com/apis/console/" target="_bank">here</a>]]></comment>
                </field>
                <field id="app_id" translate="label" type="text" sortOrder="20" showInDefault="1" showInWebsite="1" showInStore="1">
                    <label>Client ID</label>
                    <validate>required-entry</validate>
                    <depends>
                        <field id="is_enabled">1</field>
                    </depends>
                </field>
                <field id="app_secret" translate="label" type="text" sortOrder="30" showInDefault="1" showInWebsite="1" showInStore="1">
                    <label>Client Secret</label>
                    <validate>required-entry</validate>
                    <depends>
                        <field id="is_enabled">1</field>
                    </depends>
                </field>
                <field id="redirect_url" translate="label" type="text" sortOrder="40" showInDefault="1" showInWebsite="1" showInStore="1">
                    <frontend_model>Mageplaza\SocialLogin\Block\System\RedirectUrl</frontend_model>
                    <label>REDIRECT URIS</label>
                    <depends>
                        <field id="is_enabled">1</field>
                    </depends>
                </field>
                <field id="sort_order" translate="label" type="text" sortOrder="50" showInDefault="1" showInWebsite="1" showInStore="1">
                    <label>Sort Order</label>
                    <depends>
                        <field id="is_enabled">1</field>
                    </depends>
                </field>
            </group>
            <group id="amazon" translate="label" type="text" sortOrder="25" showInDefault="1" showInWebsite="1" showInStore="1">
                <label>Amazon</label>
                <field id="is_enabled" translate="label comment" type="select" sortOrder="10" showInDefault="1" showInWebsite="1" showInStore="1">
                    <label>Enable</label>
                    <source_model>Magento\Config\Model\Config\Source\Yesno</source_model>
                    <comment><![CDATA[Create app <a href="https://sellercentral.amazon.com/gp/homepage.html" target="_bank">here</a>]]></comment>
                </field>
                <field id="app_id" translate="label" type="text" sortOrder="20" showInDefault="1" showInWebsite="1" showInStore="1">
                    <label>Client ID</label>
                    <validate>required-entry</validate>
                    <depends>
                        <field id="is_enabled">1</field>
                    </depends>
                </field>
                <field id="app_secret" translate="label" type="text" sortOrder="30" showInDefault="1" showInWebsite="1" showInStore="1">
                    <label>Client Secret</label>
                    <validate>required-entry</validate>
                    <depends>
                        <field id="is_enabled">1</field>
                    </depends>
                </field>
                <field id="redirect_url" translate="label" type="text" sortOrder="40" showInDefault="1" showInWebsite="1" showInStore="1">
                    <frontend_model>Mageplaza\SocialLogin\Block\System\RedirectUrl</frontend_model>
                    <label>REDIRECT URIS</label>
                    <depends>
                        <field id="is_enabled">1</field>
                    </depends>
                </field>
                <field id="sort_order" translate="label" type="text" sortOrder="50" showInDefault="1" showInWebsite="1" showInStore="1">
                    <label>Sort Order</label>
                    <depends>
                        <field id="is_enabled">1</field>
                    </depends>
                </field>
            </group>
            <group id="twitter" translate="label" type="text" sortOrder="30" showInDefault="1" showInWebsite="1" showInStore="1">
                <label>Twitter</label>
                <field id="is_enabled" translate="label comment" type="select" sortOrder="10" showInDefault="1" showInWebsite="1" showInStore="1">
                    <label>Enable</label>
                    <source_model>Magento\Config\Model\Config\Source\Yesno</source_model>
                    <comment><![CDATA[Create app <a href="https://dev.twitter.com/apps" target="_bank">here</a>]]></comment>
                </field>
                <field id="app_id" translate="label" type="text" sortOrder="20" showInDefault="1" showInWebsite="1" showInStore="1">
                    <label>Consumer Key</label>
                    <validate>required-entry</validate>
                    <depends>
                        <field id="is_enabled">1</field>
                    </depends>
                </field>
                <field id="app_secret" translate="label" type="text" sortOrder="30" showInDefault="1" showInWebsite="1" showInStore="1">
                    <label>Consumer Secret</label>
                    <validate>required-entry</validate>
                    <depends>
                        <field id="is_enabled">1</field>
                    </depends>
                </field>
                <field id="redirect_url" type="text" sortOrder="40" showInDefault="1" showInWebsite="1" showInStore="1">
                    <frontend_model>Mageplaza\SocialLogin\Block\System\RedirectUrl</frontend_model>
                    <label>Callback URL</label>
                    <depends>
                        <field id="is_enabled">1</field>
                    </depends>
                </field>
                <field id="sort_order" translate="label" type="text" sortOrder="50" showInDefault="1" showInWebsite="1" showInStore="1">
                    <label>Sort Order</label>
                    <depends>
                        <field id="is_enabled">1</field>
                    </depends>
                </field>
            </group>
            <group id="linkedin" translate="label" type="text" sortOrder="40" showInDefault="1" showInWebsite="1" showInStore="1">
                <label>LinkedIn</label>
                <field id="is_enabled" translate="label comment" type="select" sortOrder="10" showInDefault="1" showInWebsite="1" showInStore="1">
                    <label>Enable</label>
                    <source_model>Magento\Config\Model\Config\Source\Yesno</source_model>
                    <comment><![CDATA[Create app <a href="https://www.linkedin.com/secure/developer" target="_bank">here</a>]]></comment>
                </field>
                <field id="app_id" translate="label" type="text" sortOrder="20" showInDefault="1" showInWebsite="1" showInStore="1">
                    <label>Id Client</label>
                    <validate>required-entry</validate>
                    <depends>
                        <field id="is_enabled">1</field>
                    </depends>
                </field>
                <field id="app_secret" translate="label" type="text" sortOrder="30" showInDefault="1" showInWebsite="1" showInStore="1">
                    <label>Secret Client</label>
                    <validate>required-entry</validate>
                    <depends>
                        <field id="is_enabled">1</field>
                    </depends>
                </field>
                <field id="redirect_url" type="text" sortOrder="40" showInDefault="1" showInWebsite="1" showInStore="1">
                    <frontend_model>Mageplaza\SocialLogin\Block\System\RedirectUrl</frontend_model>
                    <label>Redirect URL</label>
                    <depends>
                        <field id="is_enabled">1</field>
                    </depends>
                </field>
                <field id="sort_order" translate="label" type="text" sortOrder="50" showInDefault="1" showInWebsite="1" showInStore="1">
                    <label>Sort Order</label>
                    <depends>
                        <field id="is_enabled">1</field>
                    </depends>
                </field>
            </group>
            <group id="yahoo" translate="label" type="text" sortOrder="50" showInDefault="1" showInWebsite="1" showInStore="1">
                <label>Yahoo</label>
                <field id="is_enabled" translate="label comment" type="select" sortOrder="10" showInDefault="1" showInWebsite="1" showInStore="1">
                    <label>Enable</label>
                    <source_model>Magento\Config\Model\Config\Source\Yesno</source_model>
                    <comment><![CDATA[Create app <a href="https://developer.yahoo.com/apps/" target="_bank">here</a>]]></comment>
                </field>
                <field id="app_id" translate="label" type="text" sortOrder="30" showInDefault="1" showInWebsite="1" showInStore="1">
                    <label>Client ID</label>
                    <validate>required-entry</validate>
                    <depends>
                        <field id="is_enabled">1</field>
                    </depends>
                </field>
                <field id="app_secret" translate="label" type="text" sortOrder="40" showInDefault="1" showInWebsite="1" showInStore="1">
                    <label>Client Secret</label>
                    <validate>required-entry</validate>
                    <depends>
                        <field id="is_enabled">1</field>
                    </depends>
                </field>
                <field id="redirect_url" type="text" sortOrder="50" showInDefault="1" showInWebsite="1" showInStore="1">
                    <frontend_model>Mageplaza\SocialLogin\Block\System\RedirectUrl</frontend_model>
                    <label>Callback Domain</label>
                    <depends>
                        <field id="is_enabled">1</field>
                    </depends>
                </field>
                <field id="sort_order" translate="label" type="text" sortOrder="60" showInDefault="1" showInWebsite="1" showInStore="1">
                    <label>Sort Order</label>
                    <depends>
                        <field id="is_enabled">1</field>
                    </depends>
                </field>
            </group>
            <group id="foursquare" translate="label" type="text" sortOrder="60" showInDefault="1" showInWebsite="1" showInStore="1">
                <label>Foursquare</label>
                <field id="is_enabled" translate="label comment" type="select" sortOrder="10" showInDefault="1" showInWebsite="1" showInStore="1">
                    <label>Enable</label>
                    <source_model>Magento\Config\Model\Config\Source\Yesno</source_model>
                    <comment><![CDATA[Create app <a href="https://www.foursquare.com/oauth/" target="_bank">here</a>]]></comment>
                </field>
                <field id="app_id" translate="label" type="text" sortOrder="20" showInDefault="1" showInWebsite="1" showInStore="1">
                    <label>Client ID</label>
                    <validate>required-entry</validate>
                    <depends>
                        <field id="is_enabled">1</field>
                    </depends>
                </field>
                <field id="app_secret" translate="label" type="text" sortOrder="30" showInDefault="1" showInWebsite="1" showInStore="1">
                    <label>Client Secret</label>
                    <validate>required-entry</validate>
                    <depends>
                        <field id="is_enabled">1</field>
                    </depends>
                </field>
                <field id="redirect_url" translate="label" type="text" sortOrder="40" showInDefault="1" showInWebsite="1" showInStore="1">
                    <frontend_model>Mageplaza\SocialLogin\Block\System\RedirectUrl</frontend_model>
                    <label>Callback Url</label>
                    <depends>
                        <field id="is_enabled">1</field>
                    </depends>
                </field>
                <field id="sort_order" translate="label" type="text" sortOrder="50" showInDefault="1" showInWebsite="1" showInStore="1">
                    <label>Sort Order</label>
                    <depends>
                        <field id="is_enabled">1</field>
                    </depends>
                </field>
            </group>
            <group id="instagram" translate="label" type="text" sortOrder="70" showInDefault="1" showInWebsite="1" showInStore="1">
                <label>Instagram</label>
                <field id="is_enabled" translate="label comment" type="select" sortOrder="10" showInDefault="1" showInWebsite="1" showInStore="1">
                    <label>Enable</label>
                    <source_model>Magento\Config\Model\Config\Source\Yesno</source_model>
                    <comment><![CDATA[Create app <a href="http://instagram.com/developer/clients/manage/" target="_bank">here</a>]]></comment>
                </field>
                <field id="app_id" translate="label" type="text" sortOrder="20" showInDefault="1" showInWebsite="1" showInStore="1">
                    <label>Client ID</label>
                    <validate>required-entry</validate>
                    <depends>
                        <field id="is_enabled">1</field>
                    </depends>
                </field>
                <field id="app_secret" translate="label" type="text" sortOrder="30" showInDefault="1" showInWebsite="1" showInStore="1">
                    <label>Client Secret</label>
                    <validate>required-entry</validate>
                    <depends>
                        <field id="is_enabled">1</field>
                    </depends>
                </field>
                <field id="redirect_url" translate="label" type="text" sortOrder="40" showInDefault="1" showInWebsite="1" showInStore="1">
                    <frontend_model>Mageplaza\SocialLogin\Block\System\RedirectUrl</frontend_model>
                    <label>REDIRECT URIS</label>
                    <depends>
                        <field id="is_enabled">1</field>
                    </depends>
                </field>
                <field id="sort_order" translate="label" type="text" sortOrder="50" showInDefault="1" showInWebsite="1" showInStore="1">
                    <label>Sort Order</label>
                    <depends>
                        <field id="is_enabled">1</field>
                    </depends>
                </field>
            </group>
            <group id="vkontakte" translate="label" type="text" sortOrder="80" showInDefault="1" showInWebsite="1" showInStore="1">
                <label>Vkontakte</label>
                <field id="is_enabled" translate="label comment" type="select" sortOrder="10" showInDefault="1" showInWebsite="1" showInStore="1">
                    <label>Enable</label>
                    <source_model>Magento\Config\Model\Config\Source\Yesno</source_model>
                    <comment><![CDATA[Create app <a href="https://new.vk.com/dev" target="_bank">here</a>]]></comment>
                </field>
                <field id="app_id" translate="label" type="text" sortOrder="20" showInDefault="1" showInWebsite="1" showInStore="1">
                    <label>Application ID</label>
                    <validate>required-entry</validate>
                    <depends>
                        <field id="is_enabled">1</field>
                    </depends>
                </field>
                <field id="app_secret" translate="label" type="text" sortOrder="30" showInDefault="1" showInWebsite="1" showInStore="1">
                    <label>Secure Key</label>
                    <validate>required-entry</validate>
                    <depends>
                        <field id="is_enabled">1</field>
                    </depends>
                </field>
                <field id="sort_order" translate="label" type="text" sortOrder="50" showInDefault="1" showInWebsite="1" showInStore="1">
                    <label>Sort Order</label>
                    <depends>
                        <field id="is_enabled">1</field>
                    </depends>
                </field>
            </group>
            <group id="github" translate="label" type="text" sortOrder="90" showInDefault="1" showInWebsite="1" showInStore="1">
                <label>Github</label>
                <field id="is_enabled" translate="label comment" type="select" sortOrder="10" showInDefault="1" showInWebsite="1" showInStore="1">
                    <label>Enable</label>
                    <source_model>Magento\Config\Model\Config\Source\Yesno</source_model>
                    <comment><![CDATA[Create app <a href="https://github.com/settings/applications/new" target="_bank">here</a>]]></comment>
                </field>
                <field id="app_id" translate="label" type="text" sortOrder="20" showInDefault="1" showInWebsite="1" showInStore="1">
                    <label>Client ID</label>
                    <validate>required-entry</validate>
                    <depends>
                        <field id="is_enabled">1</field>
                    </depends>
                </field>
                <field id="app_secret" translate="label" type="text" sortOrder="30" showInDefault="1" showInWebsite="1" showInStore="1">
                    <label>Client Secret</label>
                    <validate>required-entry</validate>
                    <depends>
                        <field id="is_enabled">1</field>
                    </depends>
                </field>
                <field id="redirect_url" translate="label" type="text" sortOrder="40" showInDefault="1" showInWebsite="1" showInStore="1">
                    <frontend_model>Mageplaza\SocialLogin\Block\System\RedirectUrl</frontend_model>
                    <label>Callback Url</label>
                    <validate>required-entry</validate>
                    <depends>
                        <field id="is_enabled">1</field>
                    </depends>
                </field>
                <field id="sort_order" translate="label" type="text" sortOrder="50" showInDefault="1" showInWebsite="1" showInStore="1">
                    <label>Sort Order</label>
                    <depends>
                        <field id="is_enabled">1</field>
                    </depends>
                </field>
            </group>
        </section>
    </system>
</config>