<?xml version="1.0"?>
<config xmlns:xsi="http://www.w3.org/2001/XMLSchema-instance" xsi:noNamespaceSchemaLocation="urn:magento:framework:ObjectManager/etc/config.xsd">
    <virtualType name="Magento\Catalog\Ui\DataProvider\Product\Form\Modifier\Pool">
        <arguments>
            <argument name="modifiers" xsi:type="array">
                <item name="custom-fieldset" xsi:type="array">
                    <item name="class" xsi:type="string">FME\NoFollowIndex\Ui\DataProvider\Product\Form\Modifier\CompositeAttachments</item>
                    <item name="sortOrder" xsi:type="number">125</item>
                </item>
            </argument>
        </arguments>
    </virtualType>
     <virtualType name="FMENoFollowIndexPool" type="Magento\Ui\DataProvider\Modifier\Pool">
        <arguments>
            <argument name="modifiers" xsi:type="array">
                <item name="cms-fieldset" xsi:type="array">
                    <item name="class" xsi:type="string">FME\NoFollowIndex\Ui\DataProvider\Cms\Form\Modifier\CmsAttachments</item>
                    <item name="sortOrder" xsi:type="number">126</item>
                </item>
            </argument>
        </arguments>
    </virtualType>
    <type name="FME\NoFollowIndex\Model\Page\DataProvider">
        <arguments>
            <argument name="pool" xsi:type="object">FMENoFollowIndexPool</argument>
        </arguments>
    </type>
</config>
