<?xml version="1.0"?>
<csp_whitelist xmlns:xsi="http://www.w3.org/2001/XMLSchema-instance" xsi:noNamespaceSchemaLocation="urn:magento:module:Magento_Csp:etc/csp_whitelist.xsd">
    <policies>
        <policy id="connect-src">
            <values>
                <value id="paypal-src-sandbox-connect" type="host">https://www.sandbox.paypal.com</value>
                <value id="paypal-src-live-connect" type="host">https://www.paypal.com</value>
            </values>
        </policy>
    </policies>
</csp_whitelist>
