<?xml version="1.0" encoding="UTF-8"?>
<!--
/**
 * BSS Commerce Co.
 *
 * NOTICE OF LICENSE
 *
 * This source file is subject to the EULA
 * that is bundled with this package in the file LICENSE.txt.
 * It is also available through the world-wide-web at this URL:
 * http://bsscommerce.com/Bss-Commerce-License.txt
 *
 * @category   BSS
 * @package    Bss_OneStepCheckout
 * @author     Extension Team
 * @copyright  Copyright (c) 2017-2018 BSS Commerce Co. ( http://bsscommerce.com )
 * @license    http://bsscommerce.com/Bss-Commerce-License.txt
 */
-->
<config xmlns:xsi="http://www.w3.org/2001/XMLSchema-instance" xsi:noNamespaceSchemaLocation="urn:magento:framework:Event/etc/events.xsd">
    <event name="core_layout_render_element">
        <observer name="bss_onstepcheckout_delivery" instance="Bss\OneStepCheckout\Observer\AddDeliveryToOrderShippingBlockObserver" />
    </event>
    <event name="checkout_submit_all_after">
        <observer name="bssosc_save_order_after_submit" instance="Bss\OneStepCheckout\Observer\SaveOrderAfterSubmitObserver" />
    </event>
    <event name="sales_order_save_after">
        <observer name="bssosc_sales_order_save_after" instance="Bss\OneStepCheckout\Observer\SaveOrderAfterObserver" />
    </event>
</config>
